n,recall@4_dense,recall@4_hybrid,median_rank_dense,median_rank_hybrid,pct_improved
42,0.09523809523809523,0.14285714285714285,19.0,10.5,0.9047619047619048
